0,0x0059b14e35dab1b4eee1e2926c7a5660da66f747
1,0x008f3db10374099a11ec263415cb88c952abeedc
2,0x00e01A648Ff41346CDeB873182383333D2184dd1
3,0x020b1573f2ca670190d33ca2f0a57b0c0399ad37
4,0x052Ee5470868D14b158abb10DfcC76eD1cD1293d
5,0x05dd62c007cde143b402fa5da3937c40c70b4b14
6,0x0697f9d4db21472b3461aa07be39b16cd5b56eca
7,0x078c2b3b09528fd7b80c9ee715f378d382f9139b
8,0x085f9b53aCBff0E4683463FEf1A583d299bd4e25
9,0x0a5650aba6473c48898f3d9366b52c21a4eec37b
10,0x0a9f58ee19a7131ed031ea66a032c05c7efe965a
11,0x0ae775637e63Fa95855246Fd82e96802D05883Fc
12,0x0b7f284d74f549731499c44aed2a10adcc9e9cc0
13,0x0C3221d64b8Ad5268c2B8d4C7F36679832fD3828
14,0x0d9786138578fcdcce04435592545ef08422d755
15,0x0dea8a35f4e39cdf65d3cc11f10612e9e0278b60
16,0x0e0ba79cb92e07555ef7a3fe9e18ba33dd0b6d29
17,0x0ef2724a6d8be9f72f3d35b62e1e8a37ceaf721e
18,0x0f38DAeCb3FB7b87A8d3ED168822c1bC53e8202C
19,0x1086feeb031e45e8fcd770662aa8302d7c23ba1f
20,0x10E934603c1Dd921123E20B0D8dcFE831A47Fe87
21,0x1161acf9a61b8cd951f5364e897c586883a1fe76
22,0x119240Ef17333E8DCB19A0DD4f5fC848981b0Ff4
23,0x11E10485A869018FFA4bA093e4AF2B461a4E4697
24,0x12C97578b2aBCDc45d28dF7a288F27940705278a
25,0x13369B4654Cb11D0D3b31AbFf0a2d74A78485aC6
26,0x1363077895B20Ae90f80794cE4e575559517d033
27,0x13Be5abc6FC4aF67ABe34190F5f529624bD14C4E
28,0x1451dbE4304a60B5b25B4d98B355EFFD440417aF
29,0x1754B31a157DD2E2CF6BCb2C02891cF4dafF485D
30,0x175f6dbf87215a6da7107977b4680bc3db31b2de
31,0x17897c5c38362d8f620e70fee0adba109af5db2d
32,0x19AFB5e405613906137Cc137224eAFD4673faccD
33,0x1b3e3c78849d80688172bf9ced8c9c2407f988e4
34,0x1B3f0f53F5B50272Fb8EcE940664d09DF675C5A7
35,0x1c16b965c7960fea0bd7e8629885cbe162223f2e
36,0x1c2a263bed6d2b7c6962884c06d2beda9c737a16
37,0x1c39d6e0278d1a28ce21dbd73826559b010224e5
38,0x1c50139c266559b29d7cb27635e0da13bef76a09
39,0x1cea7999fdafe5d156952ebf1816e8aa67a5485e
40,0x1d50588C0aa11959A5c28831ce3DC5F1D3120d29
41,0x1D60606d8A09b5015D773A80b0C660Bb8d91809c
42,0x1e071281416b20ac2cd50d2e8093b43f8526940a
43,0x1e80dad60d19fb8159af3f440a8ceaa0e5581847
44,0x1ed427535098ed38b5e65d1d8852b63b3ea259cc
45,0x1f482b4fff9bd0054242d42cc3339fa2957d4227
46,0x1f6f1723d0db4e9783b7171392b6fa9ae1062fd9
47,0x20a7a56175872acf6d3a8566eb7af76e01900c84
48,0x21918461c6aeca5eaec825b4746d64a0d4028df6
49,0x21cc4144c124742762f82120456fbf0b35249791
50,0x2223d0e991e67830f9184171e2f5a44c1f0dee09
51,0x2268751eafc860781074d25f4bd10ded480310b9
52,0x23d56797f64640e96feaf57b7874c897b53ef0e4
53,0x250486b8f0264b1fe65aa5d7e05986723e492e0d
54,0x250c5e2cda38b4910c92d0e9f5d5bffa54a3879d
55,0x25AD159a960fE0f6147b7C620d1ff77Af26FA319
56,0x26F1dB8be15b98B4a176fb9AA171F747d4151F4a
57,0x2789b7b3557f39643198433daebf6b43512be65b
58,0x28f4c90197238494d309446c277b2ca93646e88b
59,0x291ecBB7897A3A11Ae0582183a556927BF45d943
60,0x29D7d1dd5B6f9C864d9db560D72a247c178aE86B
61,0x29e225d888cf11c5e67613bffd30bcf071eb3d4a
62,0x2a6c7867e605d0f0f940cec1669d98a33cf4c299
63,0x2A6D8021861f27aB992572D8689017b7A83C989D
64,0x2b5268FDE5041f6B1Afd77166De4e9eA5D9e967a
65,0x2C17454B0b0e253313449b962e02bD3DDcE9D4bC
66,0x2d0C9C7D0634330cccC3A16E8264e3343ca4f739
67,0x2D52755826F4054550f4a0a1AD22E69Cc0f22085
68,0x2da8703d18afed53b303119e4ff06cf035a9fadb
69,0x2e3a5deb080fcabc9ebefd5c871989ac507c94be
70,0x2e462fdef8cde7db82aa3f7c627731be94f7c9c4
71,0x2eaa87226e56254e355eeb320e657786a2b40599
72,0x2f141d0cd81011436df8fa04bdac01cb6cf51a65
73,0x2f93947429c9a9c740c3aae495707dd902b3382e
74,0x303345349da72a28d12d5515f145dd77cb84bacc
75,0x316b3b83c33b20249b61ded124f2620d8e823793
76,0x32672bd5f7f68ccae5e23986a11f89b51016145e
77,0x32AA5d54150640d56d93032BC409c48C60dd0107
78,0x33bf8bde242216da572d6486d641ae0a18137306
79,0x33f74739ce6be3b2c38af76f5adb3866cb4784c4
80,0x34743ffa1f93e745668725e44efeb3c50a237796
81,0x34eeA3e741F9A3e77fB34E0793B1AF36EDC2b0AE
82,0x354d4f3eb48be676a030f98e2a6c5bc06b96e249
83,0x356f1b9ac8dd5b38d3644b3696741355cda0a6e5
84,0x358ef89b4d37f16002cc4a853b321daeee423519
85,0x3639b8B8edA816B2cb62b65159A183972a3cf863
86,0x3681828da105fc3c44e212f6c3dc51a0a5a6f5c6
87,0x36bb0e89f241370a01ef4a00df07577d499a94b9
88,0x3715b1Ed9bbd5e165aF97619b5C5e13E39F55504
89,0x37761568af636f074595bce8ed20dd5b404ed798
90,0x37c81cc9ff71d0f97849a947bf22e8e529b72230
91,0x37c85a7523b1832b4d0380b2f513e88b66e8c850
92,0x3853ba76ec6ae97818e2d0e0839c9eda6c396690
93,0x38Bd02A9f7a65092c78c4eBB573EBa0bA6929A8a
94,0x39B6ce3428068Ce97DB218fd2F8DF6909b331308
95,0x3a577dccFAeb49c18e10C6e750B316AA02e5c7f7
96,0x3aa65f17cde339df49afd2f88b3c8495842d5fb0
97,0x3B4cF0a5F9f679d499383CCdC26B6627999e59b9
98,0x3cbd2e6143f057bd49ffb4c7058217a5900c35d3
99,0x3cf5947eb0c6Ac6f283f434c5D0f742fdAe9F504
100,0x3de08b35c0e7f255f37a5dace9bd8eb78e99e985
101,0x3e9da7727830f8c48dafadd8246069c4481e2ace
102,0x3f8a37bde9b15b65c82f9cdd00192e0ba36cc5fc
103,0x3fcb2d173389b7cd8079ef8b439dbd92e7e0ae28
104,0x3ffc9c4df6b29a0c3bf5a3056d37b68288c79a29
105,0x40949225c4a1745a9946f6aaf763241c082cb9ac
106,0x40a082e89ffa93d4425e169e54a1c96774663f37
107,0x410ed6C41894ea6576eDE999f3BEdB8a887FA3A7
108,0x4113c6ce4fb936d087e92a55d5b3bfdd275b1d3f
109,0x41466413f0c7f11c5b1af39cc1344af9d21a6d57
110,0x41b68340d454f4130269b38f5b16118b011260a4
111,0x41Cd1343C6e497C075b7ed1E9f003d65141833E2
112,0x420415645d9062eb6b9168f03bee92f1b3cf296c
113,0x422CaDfa3Bd7B60380c6BF2Af1f2962FDbA6886e
114,0x42c5459911ae51d1d005cbe39749bd8d8e533c22
115,0x434e9f6a1ac134fda3e7ceb3fd67c3d9b3518737
116,0x43cf35aca5ac49ba8462fa02de96e9d469e9188c
117,0x446593015e30bacDEf625F76BCd84d2D2A0A0461
118,0x44a7ff01f7d38c73530c279e19d31527bdcf8c78
119,0x45e7c24e67df934069a2709c5b592f950bc709af
120,0x46cd13ad73b0260bccec6e722c42a7b76ae19b67
121,0x471DBd4D8FCe14EAe3B36EFA8Fa97A3937038DFA
122,0x474057adf42f9f955e86aa1142740f9d7763e41e
123,0x4899f3371fb9f8e68a0b639bf1fd75220a089c42
124,0x48ec7767d5def1c1520402b092356e070c5f1adc
125,0x4a0d27a1044dd871a93275de5109e5f5efc4d46e
126,0x4a12eeb35bd5187be2d26e0fe8b906abd88b6897
127,0x4ad59aeff83ccc2a76ddfe324410c793d5a8e171
128,0x4bb1c210e3921e0f051ed00e898b9605c902114e
129,0x4bf722014e54aeab05fcf1519e6e4c0c3f742e43
130,0x4c6bad785ffcf6c0746f53dbcac9c5e877f75bfa
131,0x4CD20D29e3A7D47173B76849F9E6Fa39DD533757
132,0x4d4C430f66C05cB818216FD712fc699A7B0Ac3A5
133,0x4da9608f15c504a2b5c46491d9ccf257c5e2ff71
134,0x4ef42927687b96cffadc1fd1037898a8c3d5d418
135,0x501577cd4865d7d50664a1519a79f1c0e7069154
136,0x5056415C79Fe266AD5D1Eae045dae90610b37668
137,0x508d448BbE350908345cdD0af77f7e0b1580D098
138,0x52B34625687D6266a3B98fD5d214828F0670D7Ed
139,0x545b0fdcbb2b404b26546521d4d183c2538509c2
140,0x545f5E5c54d8ac72AF1c7DE8c070387b73841A24
141,0x54a508ff8da468cbdbe9a68550ec5ef745c08126
142,0x54dE06d1A4d9b2Bb63D5836eC3159393F860B121
143,0x55c4DFc965B911AFee18A7D2D94A245b867395B6
144,0x560644F0980300B31DCde7B5F78d0d53e375371F
145,0x560833296ef7a7f41b30c1065225fa9b33830c19
146,0x56f1c9cdf27BEEFa83700FcA284FE1Ba08a5546A
147,0x570ac27d1048dcba1a4c58fe80109b9cf9b0e2ef
148,0x574fe7E632E08c8F0f265b1d7D482330504547eB
149,0x57dcf20135b0cb9d167e8ebfe13b84bfd67645ed
150,0x58192c8ad63863043f7aab263733999bb572b458
151,0x59F6992e185D62d57036cA4B82465E9E5c3a8F32
152,0x5b27531228d8c65a0d2adcd8903fd3348f768a11
153,0x5b39067ee0309856edd13f23c9c1793f9fda1b4f
154,0x5b77e6ab2113e7f721e90727de1468d3a20fd9cf
155,0x5B7D32B33821406883C3364ae34Ed9BA5c8B69E8
156,0x5Bc947356B9a75FdCB92f3eB550682941AcA376B
157,0x5bea5bc53ecbbfc459cef95b5855c47748ba3986
158,0x5bf2df6ebcf90665d513c761ce5e516d99ae748a
159,0x5C9B3fA74E0700a3CbFFD168c7342799a163Ba53
160,0x5d3eaf54fd59e264945d2309fe2ebfb70c0fac4e
161,0x5d3f32f4b2e99fb79d2f6a1cbf3aa7390f8fc751
162,0x5f58fe612db5b3e97faf4a2e8f38b4ae295288aa
163,0x5f5F525E6DF97b60682d0455aFAE9f44e4EC7F8C
164,0x6067A95E7Bb071A5b73741628A0A5Cb5cC164203
165,0x6079ca4a2d8a1b5d2a31b482ee9e5eb6ccfec368
166,0x60B4f817be376ae618D66303c28ee240422FB23A
167,0x611f32d256597EE12c2ec2870dA6db0B461e6F55
168,0x6122EE683dbEe50fD432fE5BdD8Ac055aA3D42b1
169,0x61Cf3335eef3bD86Ae617cd2eA248494Da8B83ca
170,0x62404bfb3e1c464f17e3af0c139e39d0703ae4a1
171,0x629b2aa7fdda8f7527d6f8ea742c1d5774e567ea
172,0x62c71581708dd73b10e7aa2249778aee016ebf0e
173,0x62e8aaffb7568cec94b0e15e7b4d859302d65ee9
174,0x62ee4a3c690c9660762c52bf1a232365c86c879b
175,0x63e97cbe96dd87c9ae2375d2c7ee96becccf2143
176,0x645125230e924d2db84be4cabf946c87d5be8935
177,0x648e163b47a69c06fa4a0904324afe393763b323
178,0x64f3502c4b6b7e7f106e7ab1f175a4e2c2fde45f
179,0x6506827D91659e871fc7267160ba1C3407195270
180,0x66817272d39da7fd4c552f430fc0b694e357c157
181,0x679c34c26e7841b9fc0ce0ff40579219ee3a1ed6
182,0x68329D351d2A0a885A4857195d697CCe2dAb6177
183,0x685445fe51b31790538890a6468851afbf7a0519
184,0x68B0e0Db7918C0211EA1fB78292a879839137DD0
185,0x699CbEAa28A49e096DF00011d734803a0B8f5F80
186,0x69a862e6f6837c2c4a74f53015e797855441e789
187,0x69f8e87518129498da751f26ea2309db05e7270b
188,0x6a0e59Af84F7a9afa5708B5E43C4845b17AedAAc
189,0x6aef2850c2ce2ef583ae8a36be3357080608bdc3
190,0x6C441eC1c3464eEb459894325ecDdfd0CA51e6E9
191,0x6d0b90ea2951ca5ad3abdb606e4146e9765f1ee4
192,0x6d2510f81182c554a38c9A337D746468B243c7B5
193,0x6d64486a5c99139b53239297e0b653d196d05777
194,0x6d6883ddf4d7e209119faa8042dd311997516134
195,0x6Dbbc4DE1ac9aaF73D8EBCF310Ec4F0A00c126cA
196,0x6DE5f0c142DaF2EAb3c0d3751f3Be6af5F359795
197,0x6e59a921a269878313129d9c7c7db1718cb0707b
198,0x6ed3a51fd727d5bc98ac39476dd4e129ea96087a
199,0x6fcf42fcd9c6a54b64d1b52083700142952a2805
200,0x700cee07ac5ef32bc2af762b10f5d85b97a55261
201,0x7083c1bb9a6d9c73cb9b3c200e992e43ff103462
202,0x7098c7113c2ecaf48baad07e598c74c2689a5795
203,0x713a6f26525b24581cbe20679811af8680abdddd
204,0x72335af49648e35a0f885c3915e9ac8198c50054
205,0x754Fb6a142eD0043937b676A067F2E367db52fA6
206,0x75855a2c5cd3de7c7d7d1a0fa9a9e5dbcc6eed87
207,0x75ef676846732599862d0091fb485e7486838fd3
208,0x7693Ec76691C895571EdC25fE3949a01C5821f17
209,0x76f6671887cf6056344d999e0f326a80a4548710
210,0x785a751b2e36b2b0fdb80100b7ca14889a768a22
211,0x7b9fed811b80b9f089b5e578a20acfc48aca8b20
212,0x7ba85E2e55c7598378Fe927aD2Aef2DAc6c45218
213,0x7bbcee71e2283c445bdb076bb7fa187726a45d53
214,0x7bc7f83a9a7a55f2e2f7779b2846088e7edcacaa
215,0x7bcac19e6b5ea7d86b3bf5122d4b20010f535bb7
216,0x7c14369f68d7812c105a597beb13ff8da64520c5
217,0x7CBC4E0D168744912C5Afc081499145BBDc51e69
218,0x7e3d7d8e31b3f472fcd3c1552a9f009131c50c6c
219,0x7e416acb49c0b0d928bada074bf6597d80740bc2
220,0x7eb28833082eb28fd423ab30df20afde98c47dbf
221,0x7fbf068316c5806a62d549441ae82b00fdb10de1
222,0x82744Ba0766bDEe409885C2186c44A4A73b0c97F
223,0x82dab2b5f2416cc61176c1e03bfd4afff52dcdc1
224,0x831ee6baf32c7f558d90dd8f16a45e2928c23131
225,0x8369F6723C4792b41d4AF4190662269431Ee5B0b
226,0x8374aa52bf36eabca06e33c4163a081f53e39aa3
227,0x83885Fc61837B4A9e0960Be80DA2f2Bc581ecBC6
228,0x83ec306df6bee5320cf6a57a52ff732791c65b47
229,0x849143a3d086c1c3d06a2d9b6a7e70a7907608bb
230,0x84d2a64cf2c0b1b4a65925dc0b1a20f42fe6104f
231,0x858457daA7e087ad74cDeeCEAb8419079bC2cA03
232,0x87318b9b7eed24f69907d53eb7727c0a590f3588
233,0x87dc2b91bd923a9c43047102c671e7cffefb9fab
234,0x88436c2a2f427f2aa641dfd8c6763facf2bad7bf
235,0x89C98CC6D9917B615257e5704e83906402f0f91f
236,0x89e5124b5162a0ceec512e8ba97cd5e6f065fd13
237,0x8a46aa04725b2e2029bdcb924d671fd6a9c11dab
238,0x8b4DDc3F8B5Cf022fCF5Ea86203416bB7Ae3f53b
239,0x8b7399097f741a60a734d66030782d79776c8a0e
240,0x8c966ffddd04dd3169016ea0ec1d55465fb40d37
241,0x8c9d299cc3c2111499416cf4e3677328486cfac2
242,0x8cf893f11f6037b14f0f827b9ed6aeef38931fb4
243,0x8dbdbb1daa5ee7a45dcc5e23d4aadacf7db9bc2e
244,0x8ee48417e24a1903b11056aa904f8de887c2c350
245,0x8f0bca6b1b2b522082d46f3eec31340f113b029a
246,0x8fc07640bcc475aebc70fd8d3580dadfcbb51f74
247,0x900751ba196FB70F5E5c1da7D9CA07C1ec9dd67A
248,0x91043168cf5c256df824038f1b7200eb7a5ab90c
249,0x9113b3349842ccddbe0916b2e6d20e94983fd971
250,0x915c95415D3449212FD0991CCF5eB42864118EC9
251,0x92c662226B3E5C10297B1a6530a6a9797456Cbd5
252,0x93574d7c405717d80520944ee1cb72d327b01df5
253,0x93d8d5bb1f1e4822f3c614d9a09e7c5e3fabc13a
254,0x94d55b6f8b53903026399ab45294140eafbfbf44
255,0x9558beca8790cbc465d466fd0a96583dc64cf1e8
256,0x98c29afea6f69b59ad1790ce2e0effc0bd38433f
257,0x997f075b25cee2feb07ef1b53b202ad1c33bc739
258,0x9af3bf0b0a117d3fbfb37dfc7fa67f9a645488fc
259,0x9BA3833FB2d7A37a4DCF2f58C3F43ED7e397A45a
260,0x9CdfC5b0ACA4527a0916412E9dbD6AD85556A494
261,0x9e009c57b36aC7e3382697b4c9d3E7092A1CDb42
262,0x9ef89d10d8c77755bfe263903966eebb73f721e8
263,0xA0fC95d1775E5CF03e084fFBDA359C64f8A35f59
264,0xa13f038e4a92a2f7b77bf665f4b6487a021a24e0
265,0xa3c67d993bf73aa4f17ec03f900c865a4326cd7f
266,0xa42892745f9e07d9b92cb188a380b252a332823b
267,0xa443544c3e83561cae1a4ee9b7f152ec54e89116
268,0xa4fe2874a4ad464a50cb72a8c0b1a6ab221a7c17
269,0xa6446b93ac63b1b4601abe921fcfa2103a60219b
270,0xa6E71Bdc40952eb1C083E5Ae4940d70886296724
271,0xa7ce02b8195fe8e3116a7e1248f2725eaac86fec
272,0xa9723e26b6853c343a5fafc5a86e7d664c727fcd
273,0xaa1886de3f70a3ef502ea1379a311c5b4e05f3fd
274,0xaa2498d85ba7559006f90110a4bc33c10a06c1af
275,0xaa90ae1b969bc96e82c80e834b5f739e335b7e47
276,0xAb98922CA2be48214539c7D5Dc63a343d14d7227
277,0xaba9897c9422b1c30733169d3da7ff83d7f23044
278,0xabc490af011C8E354B7D2112648883fe9E511695
279,0xAC3800002e45eD2e1a55dEDfA2acA137F6DBA61e
280,0xac513396ee50091972ee6fc07d120b6ad360b233
281,0xac82537fae701b2046f62bb718c4857787b0b647
282,0xad0c88f3313abbce2185597e87a15f764e948a46
283,0xAdC11274992bE650e4f7C8D8a1BE6001c4a7e1cb
284,0xadc7f7d0c48cc91bab52c0c40f83722531d863bd
285,0xadF5b0c2103598fb66a61714152F1d1717D49FE0
286,0xaff9e40f9b245b15a1d1bb45516ca213e682fa81
287,0xb08e4aa5ff20d95e707510880b6134c130fa286e
288,0xb1aB9EB09821afe40aF03aBDa08898B400361197
289,0xb1daec35b9774288fd3895a30912961945878046
290,0xb1faca3ef83134815c3e28899cb132e019eb6616
291,0xb24f7f6Dc927Da02BbbE89029E7281d187b489D5
292,0xb37722E14FcFc78A56312A9a746C5474822002F2
293,0xb37da5c9179345341fe50d37cfc961ba47c01f9a
294,0xB3b3C0316114dE7C41d07f85737ede52A3fDECFF
295,0xb65db9f684f3bfa45ad3fb4cdc4120618ad81f00
296,0xB767aA43b32827e6C26e126F845953712784Cc1c
297,0xb7c4a4341c0a03460b6cec4fa997dd2d748ce281
298,0xb836fa488f5ba9e49b0abeb807d10c1b13078045
299,0xb997fcd0574052a26f68518afcb30fd46ef3f90f
300,0xb9a2e7d954e07fef84c574214db6cdc128a02879
301,0xB9Cfb36060785F6800B1aB9ccC9B4F341d097399
302,0xba19bc896d5d8962d4d729d23253f2ab95633142
303,0xba83e9ce38b10522e3d6061a12779b7526839eda
304,0xbb53be0690ae7256833099a1f01125eb33445692
305,0xbbdef8b12babd3ab6018566bc17ec3aa302b8348
306,0xbd7d88cabcd538cdeaa29af2fc5589dbd619b44e
307,0xbe3364dfb8158A3e452FF96AEb247BF3f5F019B5
308,0xbfBa895E5acc9d103Af39E8E95E21E4D692D0f3C
309,0xc0daeff8088d77dfecbfe525af535830be607bd2
310,0xc0dED1d24c071ca13A905EC5E54A6Ffdd0c4dF68
311,0xc0fed35b43f59c2bfb1eb544bd8921bfb18140c2
312,0xc15ffcceb80e34a780a46795dbd126e2d65c4460
313,0xc169a0e826f22fc7d37a48aaa346ffb4521c35cd
314,0xC20953Fc42ad0D5EeFA3cC36D04c5f343F32F908
315,0xC219A548bfEdE9138469eF277730e107A6eD8976
316,0xc3853f32675AeBF17fF15E7fb0d2bfC7EB4CF11b
317,0xc38d14bf89e0001260bb349a006d7e491e5f43ad
318,0xc440015b2311b109949309a81624fb4dbadecdd0
319,0xc5d65deff5d1373f8b19aa8be528e9c3599013ba
320,0xC65fF9F9117Da2f4e39E0765A7FA2f8f66952F17
321,0xc77dcad596e1e8277a2c5a6f985c2e21ea905687
322,0xca2909f8c9e9f656eb468d53c84c23063e2dec4c
323,0xca4da1753336aa8340710e0e1a8c0bee2bfbf56c
324,0xca6a8aa4a1e3c91a2cd05e2ba0f55a7961fabebd
325,0xCbCD4b518890429C0Ffef3d782eD99b3ADFF009b
326,0xcc142242732fe26613537d3cbde1a1d9a8bf535a
327,0xcc66ea7ef61a67df02afb18706c68a5f30b22300
328,0xcF0355AB843E4214dF370E41239A0B638F251e8F
329,0xd0206f494e1834a0ad76b202bebfc916317884cb
330,0xd0cc2b24980cbcca47ef755da88b220a82291407
331,0xd0d68941509f4231c88e4c204df6bdca05cc6506
332,0xd11d565ba23b523ef7737aa24bdbb75a06521d87
333,0xd123c0b9c52af99421765bf129cee22fec0c66be
334,0xd23246CD9Ff107083b1E246F2C26Ae447ab65Be5
335,0xd28232ccc22eb037394dc71a6a4274260a965920
336,0xd33441a44da0c1dcee596abb7ebdcdba77c7ddbd
337,0xd71bFDfD1Cf3F6C1Dbb1040ef08cF7B067f9165f
338,0xd71c2b8df46bb764a83354802845f3740203aa19
339,0xd754b5bf41b84bcb49cb952f858318640abc60e0
340,0xd79eb898431ea62636f08f738d10eb00446403de
341,0xd868A76A1dcc34854903376e734e3CFe461DD08C
342,0xda657e9fa116900fab8178e5580a3a6cedd89f3c
343,0xdafc2a2d4e070f863cfcb5887bc2516e05e18877
344,0xdb43de62ab5577bab0f2aaf6ad1a2d01ec527426
345,0xdccea2e783d873acb4ccfb7dead1004d90ad481d
346,0xddb690ef629a2e9277808c25eb5f9259d939dac7
347,0xDEf6D8B6ea60de2Cb8646Ecc21fd66Fb37e0e30F
348,0xdf1ec2e44a8b1774b068ecfc5ef1c937a86baf3e
349,0xdFF06e603dE64027Cf0A6BD602ca0FA0D88855CD
350,0xe009321b26350c2cff5db607068c1f6813df40d7
351,0xe0b13c073e8173b06062c69a160ebb54e2af86c3
352,0xE10270BFb1eD82E120BfC392efb3C94a1604DeD6
353,0xe276c66af8853cdd91c1a25608b4e8b599f4da0e
354,0xe30C6B5ECef9fd188394e21B3ecf60919B57d6c8
355,0xe336327426b8f95A5F5eB1f74144fD9065069C28
356,0xe344e4b209e8eabaa2a6ddd1b0aa120b7599af25
357,0xe350160e3c8a07e92ec58ddcb8df81a73aedc6f9
358,0xe369D4D2D6EEc8d332Fe1C14A5279cF42af1d8E7
359,0xe37a8a7e0f5d9b0662116d820914fba7b5e4c2f6
360,0xe40620cd028b53244cdbabcb36dd1a347243872a
361,0xe4fa5149306b12d51dc0d04e5e95bc9704ccaad7
362,0xE694CeA450Eb617D287a473ed35f633387BBc359
363,0xe704802a03e7657647b325edc2d045e76b3c1d73
364,0xe7cc576611c2df800862db667140a90cf9ec4b72
365,0xe977419ef28e71ed541ff6318cea9a6392709a48
366,0xe9aa3a74e3d62274f221eca42736cadc14ccffaf
367,0xe9af2cf13744b7afdb7e6f3aedbf56f34744f013
368,0xEB85b4777698c0f41168087cD8d43A2FdEF37BdB
369,0xeba3dbe720092b2c120fa5b6752936477ab4ec6b
370,0xecfcaa9830e7d4fd6ab5932846d38a2c42b33e11
371,0xed2d26eed06ecfbfd796d1ec551d2a649a31e576
372,0xee14140f20fb737809ca206c238382b3f802ca6c
373,0xeee82b5761C48cf895E3fE1A6EBff3Be3704BbD9
374,0xef57aa4b57587600fc209f345fe0a2687bc26985
375,0xf033f0d9c1bf050babe586fddd94d8928f02ac50
376,0xf1e250F2a27ab7eC5B82B287F2799260448CD51D
377,0xf203a3b241decafd4bdebbb557070db337d0ad27
378,0xF238eb51e5dc9b3f5537631669660B1Fa93b76B1
379,0xf23f9dda63ed0628609272dc0544c7a2f7189f51
380,0xf25d9918ef178bE8b1Ef380ef775b26113227757
381,0xf299f6B031Cc4dd1BfcB86A5e5590f99336a29c6
382,0xf33068d5e798f6519349Ce32669D1EC940Db1193
383,0xf3a3fe3318722e1d060845ad7760cc98abe6f977
384,0xf3ae45d5a0b8efb41444101267b56e6795051fac
385,0xf3Bf6a9b4dFb2d196Fdd6c8E373591ca1De58604
386,0xf487d016b2ea5bebdeea03fa12adcab51237bc25
387,0xF5C61f981414B26f80b1dFc19422a6Ac9798cdb2
388,0xf605c1c8c1cd6bc3aa6f7383b86226c583ab2775
389,0xf747726200c7fc14ef4ce267b1f070128c2260dd
390,0xF9489a0b7b551D7b98Ca66B95b71f48BaE4Bd149
391,0xf9fe85e19bd533c69067c6e2ff02727d40a54100
392,0xfa1f0b67b9b48b2e87467d72f09722e19ed601bd
393,0xFaaF72ee804d88b3A23cd679751bB80ecB8c141c
394,0xfad17c9da2bebf758e3bc0c99d1abe8af7e96ed1
395,0xFBa9F5637E94A6518d530B4ABc4ef4f08408eE1B
396,0xfddbfa1b0b93612b95e3296690b63b74d019370c
397,0xfe68de56a07cd3af0ec40c22b0193115ecdd0501
398,0xff2f6c6fbd71a078f1c1781855467d30897b5a33
399,0xff714f17dcf5d9db0cc3b814e415ace61f6cdb09
